{"stat.pickup.tconstruct.book":1,"stat.leaveGame":4,"stat.pickup.tconstruct.hammer_head":1,"stat.useItem.tconstruct.seared_furnace_controller":4,"stat.jump":106,"stat.fallOneCm":209,"stat.useItem.tconstruct.tooltables":7,"stat.mineBlock.forestry.beehives":1,"stat.crouchOneCm":33,"stat.useItem.minecraft.dirt":1,"stat.pickup.minecraft.iron_ore":4,"stat.pickup.minecraft.rotten_flesh":1,"stat.useItem.minecraft.egg":19,"stat.craftItem.tconstruct.pattern":19,"stat.useItem.forestry.scoop":1,"stat.flyOneCm":68149,"stat.entityKilledBy.Zombie":1,"stat.damageDealt":117,"stat.timeSinceDeath":43500,"stat.mineBlock.minecraft.dirt":1,"stat.walkOneCm":49485,"stat.pickup.forestry.bee_combs":1,"stat.useItem.tconstruct.faucet":2,"stat.pickup.openblocks.info_book":2,"stat.pickup.minecraft.stone":64,"stat.useItem.forestry.beehives":1,"stat.sprintOneCm":7592,"stat.pickup.minecraft.air":0,"stat.craftItem.minecraft.stick":8,"stat.pickup.minecraft.gold_ingot":1,"stat.pickup.forestry.bee_drone_ge":1,"stat.useItem.minecraft.snowball":41,"stat.pickup.minecraft.grass":1,"stat.useItem.tconstruct.casting":3,"stat.useItem.minecraft.iron_block":1,"stat.pickup.forestry.bee_princess_ge":1,"stat.mobKills":1,"stat.useItem.minecraft.dye":78,"stat.useItem.tconstruct.seared_tank":11,"stat.pickup.forestry.book_forester":1,"stat.deaths":1,"stat.useItem.tconstruct.smeltery_io":2,"stat.pickup.minecraft.egg":2,"stat.playOneMinute":45487,"stat.useItem.tconstruct.seared":77,"stat.sneakTime":78,"stat.killEntity.Zombie":1,"stat.useItem.tconstruct.hammer":2,"stat.useItem.tconstruct.toolforge":4,"stat.useItem.tconstruct.smeltery_controller":2}