{"stat.useItem.minecraft.bow":152,"stat.craftItem.thaumcraft.paving_stone_barrier":64,"stat.pickup.minecraft.wooden_slab":6,"stat.leaveGame":40,"stat.pickup.thaumcraft.tube":26,"stat.drop.minecraft.redstone":3,"stat.mineBlock.minecraft.sandstone":1,"stat.killEntity.PigZombie":7,"stat.drop.thaumcraft.fabric":2,"stat.drop.minecraft.feather":2,"stat.entityKilledBy.PigZombie":1,"stat.pickup.thaumcraft.tube_valve":3,"stat.craftItem.thaumcraft.scribing_tools":4,"stat.pickup.minecraft.rotten_flesh":80,"stat.craftItem.thaumcraft.thaumium_sword":1,"stat.pickup.minecraft.bucket":28,"stat.drop.thaumcraft.nitor_yellow":2,"stat.killEntity.Enderman":12,"stat.pickup.minecraft.leather_boots":4,"stat.pickup.thaumcraft.nitor_yellow":37,"stat.pickup.minecraft.brown_mushroom":20,"stat.useItem.thaumcraft.jar_normal":47,"stat.useItem.minecraft.iron_pickaxe":1187,"stat.useItem.minecraft.iron_shovel":176,"stat.pickup.minecraft.double_plant":2,"stat.craftItem.minecraft.glass_pane":16,"stat.drop.minecraft.diamond_chestplate":2,"stat.mineBlock.minecraft.hopper":2,"stat.furnaceInteraction":136,"stat.useItem.minecraft.pumpkin_seeds":7,"stat.killEntity.ZombieVillager":1,"stat.drop.thaumcraft.tube_valve":1,"stat.pickup.thaumcraft.mechanism_simple":3,"stat.pickup.minecraft.nether_brick":24,"stat.mineBlock.thaumcraft.stone_arcane":2,"stat.craftItem.thaumcraft.thaumometer":1,"stat.pickup.thaumcraft.pedestal_arcane":3,"stat.pickup.minecraft.beef":222,"stat.pickup.thaumcraft.taint_log":5,"stat.mineBlock.thaumcraft.wand_workbench":1,"stat.pickup.minecraft.cauldron":2,"stat.useItem.minecraft.trapdoor":2,"stat.pickup.thaumcraft.lamp_fertility":1,"stat.craftItem.minecraft.daylight_detector":1,"stat.craftItem.thaumcraft.plank_silverwood":28,"stat.useItem.minecraft.flint_and_steel":23,"stat.pickup.thaumcraft.crystal_essence":2374,"stat.useItem.minecraft.wheat_seeds":1613,"stat.killEntity.Husk":4,"stat.drop.minecraft.netherbrick":20,"stat.pickup.minecraft.emerald":3,"stat.useItem.minecraft.dye":47,"stat.useItem.thaumcraft.stone_arcane":10,"stat.pickup.minecraft.lever":1,"stat.deaths":41,"stat.pickup.minecraft.bowl":3,"stat.killEntity.ThaumSlime":3,"stat.pickup.minecraft.egg":221,"stat.craftItem.minecraft.item_frame":8,"stat.pickup.thaumcraft.crystal_terra":2,"stat.mineBlock.thaumcraft.alembic":13,"stat.useItem.minecraft.nether_brick":11,"stat.craftItem.minecraft.iron_pickaxe":4,"stat.craftItem.thaumcraft.thaumium_hoe":1,"stat.pickup.minecraft.glass_pane":22,"stat.pickup.minecraft.item_frame":20,"stat.drop.minecraft.torch":21,"stat.drop.minecraft.iron_ingot":10,"stat.useItem.thaumcraft.paving_stone_barrier":5,"stat.pickup.thaumcraft.stabilizer":1,"stat.craftItem.minecraft.cooked_mutton":4,"stat.mineBlock.minecraft.tallgrass":150,"stat.killEntity.TaintSeedPrime":7,"stat.fishCaught":3,"stat.pickup.minecraft.cooked_mutton":1,"stat.chestOpened":1597,"stat.mineBlock.thaumcraft.stone_porous":2,"stat.craftItem.minecraft.sign":15,"stat.useItem.minecraft.stone":4,"stat.pickup.thaumcraft.log_silverwood":146,"stat.pickup.thaumcraft.cloud_ring":4,"stat.pickup.minecraft.iron_sword":1,"stat.pickup.minecraft.arrow":262,"stat.pickup.thaumcraft.smelter_basic":4,"stat.killEntity.Vex":2,"stat.pickup.minecraft.gold_nugget":11,"stat.drop.minecraft.iron_pickaxe":4,"stat.pickup.thaumcraft.hungry_chest":3,"stat.craftItem.thaumcraft.tube":24,"stat.pickup.minecraft.carrot":265,"stat.crouchOneCm":477189,"stat.mineBlock.minecraft.chest":3,"stat.mineBlock.thaumcraft.plank_silverwood":1,"stat.craftItem.minecraft.iron_ingot":109,"stat.craftItem.thaumcraft.stone_arcane_brick":76,"stat.craftItem.minecraft.hopper":2,"stat.craftingTableInteraction":16,"stat.craftItem.thaumcraft.jar_void":3,"stat.pickup.minecraft.wooden_pickaxe":3,"stat.useItem.minecraft.reeds":15,"stat.craftItem.minecraft.wooden_sword":1,"stat.craftItem.minecraft.nether_brick":5,"stat.pickup.minecraft.dye":76,"stat.pickup.minecraft.planks":293,"stat.pickup.thaumcraft.goggles":16,"stat.mineBlock.thaumcraft.essentia_input":7,"stat.drop.thaumcraft.celestial_notes":2,"stat.pickup.minecraft.wheat_seeds":2455,"stat.drop.minecraft.soul_sand":4,"stat.craftItem.thaumcraft.smelter_vent":3,"stat.mineBlock.minecraft.dirt":120,"stat.useItem.thaumcraft.phial":828,"stat.pickup.minecraft.poisonous_potato":1,"stat.pickup.thaumcraft.dioptra":1,"stat.drop.thaumcraft.jar_void":1,"stat.drop.minecraft.paper":14,"stat.useItem.minecraft.bread":300,"stat.pickup.thaumcraft.jar_void":37,"stat.drop.thaumcraft.vishroom":1,"stat.drop.minecraft.rotten_flesh":12,"stat.mineBlock.thaumcraft.arcane_workbench":4,"stat.useItem.minecraft.cobblestone":151,"stat.craftItem.minecraft.leather_boots":2,"stat.useItem.minecraft.gravel":2,"stat.mineBlock.minecraft.double_plant":2,"stat.mineBlock.thaumcraft.crystal_aer":23,"stat.drop.minecraft.glass_pane":6,"stat.craftItem.thaumcraft.hungry_chest":2,"stat.pickup.minecraft.iron_pickaxe":15,"stat.drop.minecraft.iron_ore":8,"stat.mineBlock.thaumcraft.crystal_terra":22,"stat.drop.minecraft.carrot":1,"stat.craftItem.minecraft.gold_ingot":18,"stat.pickup.thaumcraft.paving_stone_barrier":41,"stat.pickup.minecraft.hopper":2,"stat.pickup.minecraft.chicken":92,"stat.pickup.thaumcraft.vishroom":33,"stat.craftItem.minecraft.brewing_stand":1,"stat.pickup.minecraft.apple":11,"stat.drop.thaumcraft.nugget":261,"stat.mineBlock.thaumcraft.shimmerleaf":8,"stat.drop.minecraft.fish":1,"stat.craftItem.minecraft.bucket":12,"stat.craftItem.minecraft.planks":552,"stat.pickup.thaumcraft.alumentum":43,"stat.craftItem.thaumcraft.thaumium_axe":1,"stat.mineBlock.thaumcraft.crystal_ordo":57,"stat.pickup.thaumcraft.research_table":6,"stat.drop.thaumcraft.crystal_essence":28,"stat.mineBlock.thaumcraft.table_wood":1,"stat.mineBlock.minecraft.log":231,"stat.mineBlock.minecraft.waterlily":1,"stat.useItem.minecraft.wooden_door":2,"stat.pickup.thaumcraft.enchanted_placeholder":1,"stat.craftItem.minecraft.paper":276,"stat.pickup.minecraft.red_flower":21,"stat.useItem.thaumcraft.essentia_input":3,"stat.pickup.minecraft.wool":25,"stat.drop.thaumcraft.tube":8,"stat.craftItem.thaumcraft.plank_greatwood":116,"stat.pickup.thaumcraft.log_greatwood":31,"stat.mineBlock.thaumcraft.ore_cinnabar":8,"stat.craftItem.thaumcraft.smelter_basic":2,"stat.useItem.minecraft.iron_axe":522,"stat.drop.minecraft.stone_shovel":3,"stat.mineBlock.minecraft.cobblestone":42,"stat.mineBlock.minecraft.pumpkin":68,"stat.pickup.minecraft.flint":7,"stat.mineBlock.minecraft.yellow_flower":2,"stat.entityKilledBy.Witch":1,"stat.useItem.minecraft.snow":2,"stat.mineBlock.thaumcraft.ore_amber":37,"stat.mineBlock.thaumcraft.centrifuge":1,"stat.drop.minecraft.cobblestone":71,"stat.useItem.minecraft.obsidian":6,"stat.useItem.minecraft.stone_slab2":6236,"stat.pickup.minecraft.bow":13,"stat.drop.thaumcraft.candle_white":1,"stat.craftItem.minecraft.furnace":5,"stat.useItem.minecraft.egg":61,"stat.drop.thaumcraft.essentia_output":3,"stat.craftItem.thaumcraft.smelter_thaumium":1,"stat.craftItem.minecraft.cooked_beef":55,"stat.mineBlock.minecraft.obsidian":14,"stat.craftItem.thaumcraft.wand_workbench":1,"stat.pickup.minecraft.shears":1,"stat.craftItem.minecraft.bow":2,"stat.pickup.minecraft.diamond_leggings":11,"stat.flyOneCm":6642633,"stat.pickup.minecraft.sandstone":8,"stat.entityKilledBy.Wisp":1,"stat.pickup.minecraft.fish":8,"stat.pickup.thaumcraft.verdant_charm":3,"stat.timeSinceDeath":1998,"stat.pickup.thaumcraft.tallow":7,"stat.pickup.thaumcraft.arcane_workbench":4,"stat.killEntity.Bat":1,"stat.useItem.thaumcraft.pedestal_arcane":12,"stat.craftItem.thaumcraft.plate":96,"stat.useItem.minecraft.potato":97,"stat.killEntity.Wolf":2,"stat.mineBlock.minecraft.coal_ore":325,"stat.killEntity.Creeper":5,"stat.useItem.minecraft.armor_stand":2,"stat.mineBlock.minecraft.red_mushroom_block":4,"stat.pickup.minecraft.string":28,"stat.craftItem.thaumcraft.tube_valve":18,"stat.mineBlock.minecraft.ladder":4,"stat.entityKilledBy.Skeleton":2,"stat.pickup.thaumcraft.shimmerleaf":9,"stat.pickup.thaumcraft.levitator":3,"stat.useItem.minecraft.written_book":1,"stat.sprintOneCm":7279459,"stat.drop.minecraft.leather":3,"stat.pickup.thaumcraft.taint_rock":12,"stat.useItem.minecraft.snowball":16,"stat.mineBlock.minecraft.diamond_ore":11,"stat.useItem.thaumcraft.chunk":1,"stat.pickup.thaumcraft.fabric":2,"stat.pickup.minecraft.sugar":1,"stat.pickup.minecraft.spawn_egg":1,"stat.useItem.minecraft.ladder":2,"stat.drop.thaumcraft.lamp_arcane":1,"stat.pickup.thaumcraft.sapling_silverwood":2,"stat.killEntity.Zombie":45,"stat.craftItem.minecraft.dye":70,"stat.pickup.minecraft.snowball":107,"stat.mineBlock.minecraft.gold_ore":10,"stat.diveOneCm":153033,"stat.drop.minecraft.diamond_pickaxe":1,"stat.pickup.minecraft.wheat":1282,"stat.mineBlock.minecraft.mossy_cobblestone":1,"stat.pickup.minecraft.sign":4,"stat.craftItem.thaumcraft.fabric":1,"stat.craftItem.thaumcraft.salis_mundus":31,"stat.pickup.minecraft.stone_axe":9,"stat.craftItem.thaumcraft.amber_block":5,"stat.craftItem.thaumcraft.essentia_input":3,"stat.pickup.minecraft.obsidian":15,"stat.jump":14424,"stat.useItem.minecraft.sand":1,"stat.pickup.minecraft.coal":511,"stat.pickup.minecraft.iron_ingot":187,"stat.craftItem.thaumcraft.metal_alchemical":11,"stat.craftItem.minecraft.lever":24,"stat.drop.minecraft.diamond_sword":1,"stat.pickup.minecraft.gunpowder":34,"stat.drop.minecraft.wooden_sword":1,"stat.craftItem.minecraft.torch":384,"stat.pickup.minecraft.dirt":406,"stat.pickup.thaumcraft.potion_sprayer":1,"stat.pickup.thaumcraft.vis_resonator":2,"stat.useItem.minecraft.glass":72,"stat.pickup.minecraft.stone_shovel":6,"stat.craftItem.thaumcraft.tube_restrict":1,"stat.pickup.minecraft.gold_ore":12,"stat.useItem.minecraft.sapling":67,"stat.drop.thaumcraft.bellows":2,"stat.pickup.minecraft.iron_axe":9,"stat.pickup.thaumcraft.recharge_pedestal":1,"stat.damageTaken":24675,"stat.pickup.minecraft.written_book":5,"stat.mineBlock.minecraft.torch":39,"stat.mineBlock.minecraft.red_flower":17,"stat.mineBlock.minecraft.sapling":2,"stat.drop.thaumcraft.traveller_boots":1,"stat.pickup.minecraft.bed":5,"stat.pickup.minecraft.potato":265,"stat.entityKilledBy.Zombie":1,"stat.drop.thaumcraft.thaumometer":4,"stat.craftItem.minecraft.stone_slab":72,"stat.mineBlock.thaumcraft.essentia_output":1,"stat.useItem.thaumcraft.elemental_pick":469,"stat.useItem.minecraft.chest":2,"stat.pickup.minecraft.diamond_pickaxe":9,"stat.useItem.minecraft.pumpkin":2,"stat.useItem.minecraft.lava_bucket":22,"stat.useItem.minecraft.item_frame":8,"stat.craftItem.thaumcraft.caster_basic":1,"stat.pickup.minecraft.baked_potato":4,"stat.pickup.minecraft.ender_pearl":9,"stat.drop.minecraft.egg":3,"stat.useItem.minecraft.redstone_ore":17,"stat.pickup.minecraft.cooked_beef":232,"stat.pickup.minecraft.ladder":17,"stat.useItem.minecraft.netherrack":134,"stat.pickup.thaumcraft.baubles":3,"stat.craftItem.minecraft.bookshelf":1,"stat.drop.thaumcraft.plank_silverwood":1,"stat.drop.minecraft.lever":2,"stat.craftItem.thaumcraft.thaumium_shovel":1,"stat.mineBlock.minecraft.stonebrick":1,"stat.mineBlock.minecraft.glowstone":41,"stat.mobKills":342,"stat.pickup.minecraft.diamond_boots":14,"stat.mineBlock.thaumcraft.bellows":2,"stat.pickup.thaumcraft.thaumometer":29,"stat.pickup.minecraft.diamond":19,"stat.pickup.minecraft.beetroot_seeds":1140,"stat.pickup.minecraft.iron_horse_armor":2,"stat.pickup.minecraft.torch":717,"stat.pickup.thaumcraft.brain":21,"stat.pickup.thaumcraft.metal_alchemical":5,"stat.drop.minecraft.stone_axe":2,"stat.pickup.thaumcraft.thaumonomicon":29,"stat.craftItem.thaumcraft.quicksilver":8,"stat.craftItem.minecraft.compass":2,"stat.drop.thaumcraft.pedestal_arcane":1,"stat.pickup.thaumcraft.plate":36,"stat.craftItem.thaumcraft.baubles":5,"stat.drop.thaumcraft.scribing_tools":1,"stat.pickup.thaumcraft.lamp_arcane":5,"stat.drop.thaumcraft.potion_sprayer":1,"stat.mineBlock.thaumcraft.ore_quartz":16,"stat.pickup.thaumcraft.chunk":24,"stat.craftItem.minecraft.iron_axe":3,"stat.mineBlock.thaumcraft.levitator":3,"stat.craftItem.thaumcraft.table_wood":1,"stat.killEntity.Blaze":9,"stat.pickup.thaumcraft.essentia_input":11,"stat.mineBlock.thaumcraft.taint_soil":7,"stat.useItem.minecraft.mutton":2,"stat.drop.minecraft.trapdoor":1,"stat.pickup.minecraft.fishing_rod":2,"stat.useItem.minecraft.planks":69,"stat.craftItem.thaumcraft.vis_resonator":4,"stat.pickup.thaumcraft.crucible":4,"stat.pickup.minecraft.glowstone_dust":184,"stat.pickup.minecraft.porkchop":2,"stat.pickup.minecraft.glass":272,"stat.mineBlock.thaumcraft.log_greatwood":29,"stat.useItem.minecraft.water_bucket":89,"stat.mineBlock.minecraft.red_mushroom":10,"stat.pickup.minecraft.sand":249,"stat.entityKilledBy.Spider":1,"stat.entityKilledBy.TaintSeedPrime":1,"stat.pickup.thaumcraft.focus_1":4,"stat.pickup.minecraft.name_tag":1,"stat.pickup.thaumcraft.celestial_notes":20,"stat.pickup.minecraft.activator_rail":20,"stat.craftItem.thaumcraft.lamp_arcane":1,"stat.drop.thaumcraft.goggles":1,"stat.mineBlock.minecraft.snow_layer":67,"stat.mineBlock.minecraft.sand":84,"stat.craftItem.thaumcraft.recharge_pedestal":1,"stat.hopperInspected":10,"stat.drop.minecraft.diamond":2,"stat.useItem.thaumcraft.elemental_sword":169,"stat.useItem.minecraft.spawn_egg":42,"stat.mineBlock.thaumcraft.log_silverwood":131,"stat.drop.thaumcraft.thaumonomicon":6,"stat.mineBlock.thaumcraft.taint_fibre":14,"stat.craftItem.minecraft.pumpkin_seeds":8,"stat.useItem.minecraft.cooked_mutton":4,"stat.pickup.minecraft.furnace":1,"stat.drop.minecraft.diamond_helmet":1,"stat.pickup.thaumcraft.stone_arcane":36,"stat.mineBlock.thaumcraft.cinderpearl":11,"stat.pickup.minecraft.skull":2,"stat.drop.thaumcraft.salis_mundus":1,"stat.mineBlock.thaumcraft.vishroom":29,"stat.pickup.thaumcraft.salis_mundus":9,"stat.pickup.thaumcraft.nugget":640,"stat.useItem.minecraft.pumpkin_pie":1,"stat.pickup.minecraft.pumpkin_seeds":5,"stat.pickup.minecraft.saddle":2,"stat.mineBlock.minecraft.soul_sand":93,"stat.pickup.thaumcraft.creative_flux_sponge":5,"stat.craftItem.thaumcraft.mechanism_complex":1,"stat.playOneMinute":2431682,"stat.pickup.minecraft.blaze_rod":9,"stat.drop.minecraft.string":1,"stat.mineBlock.minecraft.brown_mushroom_block":3,"stat.drop.minecraft.chest":2,"stat.pickup.minecraft.iron_bars":1,"stat.craftItem.minecraft.pumpkin_pie":12,"stat.pickup.minecraft.netherrack":430,"stat.pickup.minecraft.pumpkin":75,"stat.pickup.thaumcraft.sanity_checker":10,"stat.drop.minecraft.hopper":2,"stat.mineBlock.minecraft.netherrack":310,"stat.useItem.thaumcraft.nitor_yellow":137,"stat.pickup.minecraft.waterlily":2,"stat.drop.thaumcraft.recharge_pedestal":1,"stat.mineBlock.thaumcraft.lamp_arcane":2,"stat.mineBlock.thaumcraft.pedestal_arcane":3,"stat.drop.minecraft.flint":1,"stat.drop.thaumcraft.shimmerleaf":1,"stat.pickup.thaumcraft.bellows":3,"stat.useItem.thaumcraft.research_table":2,"stat.pickup.thaumcraft.sapling_greatwood":2,"stat.craftItem.minecraft.iron_nugget":18,"stat.craftItem.minecraft.iron_hoe":2,"stat.pickup.minecraft.cooked_chicken":30,"stat.fallOneCm":421045,"stat.drop.minecraft.stone":4,"stat.drop.minecraft.dye":1,"stat.craftItem.thaumcraft.stone_arcane":162,"stat.drop.minecraft.gold_ore":4,"stat.craftItem.minecraft.chest":12,"stat.pickup.minecraft.red_mushroom":9,"stat.useItem.minecraft.iron_hoe":331,"stat.craftItem.thaumcraft.levitator":1,"stat.pickup.minecraft.milk_bucket":3,"stat.pickup.minecraft.comparator":1,"stat.craftItem.thaumcraft.slab_arcane_stone":78,"stat.pickup.minecraft.feather":392,"stat.drop.minecraft.bone":4,"stat.mineBlock.thaumcraft.candle_white":3,"stat.craftItem.thaumcraft.filter":16,"stat.killEntity.Llama":3,"stat.mineBlock.minecraft.gravel":65,"stat.killEntity.Rabbit":1,"stat.drop.minecraft.stick":8,"stat.useItem.minecraft.iron_bars":1,"stat.pickup.minecraft.flint_and_steel":14,"stat.useItem.minecraft.torch":348,"stat.mineBlock.thaumcraft.pillar_arcane":1,"stat.pickup.minecraft.golden_apple":4,"stat.craftItem.thaumcraft.pedestal_arcane":13,"stat.useItem.thaumcraft.jar_void":3,"stat.pickup.minecraft.iron_nugget":99,"stat.useItem.thaumcraft.vishroom":6,"stat.useItem.minecraft.log":2,"stat.craftItem.minecraft.crafting_table":2,"stat.pickup.minecraft.iron_hoe":6,"stat.killEntity.LavaSlime":2,"stat.pickup.minecraft.redstone_block":1,"stat.pickup.minecraft.log":670,"stat.pickup.minecraft.sapling":188,"stat.pickup.minecraft.wooden_door":7,"stat.entityKilledBy.Enderman":2,"stat.craftItem.thaumcraft.thaumium_pick":1,"stat.drop.minecraft.bow":1,"stat.pickup.minecraft.beetroot":540,"stat.useItem.thaumcraft.elemental_axe":63,"stat.pickup.thaumcraft.lamp_growth":6,"stat.craftItem.minecraft.snow":3,"stat.pickup.minecraft.diamond_helmet":10,"stat.killEntity.WitherSkeleton":5,"stat.pickup.minecraft.golden_sword":2,"stat.mineBlock.thaumcraft.metal_alchemical":2,"stat.craftItem.minecraft.flower_pot":1,"stat.craftItem.minecraft.sugar":21,"stat.useItem.minecraft.beetroot_seeds":618,"stat.sneakTime":143557,"stat.pickup.thaumcraft.amber":64,"stat.mineBlock.thaumcraft.crystal_perditio":19,"stat.entityKilledBy.Blaze":1,"stat.drop.minecraft.bucket":5,"stat.pickup.minecraft.yellow_flower":4,"stat.useItem.minecraft.fishing_rod":4,"stat.pickup.minecraft.chest":12,"stat.useItem.thaumcraft.hungry_chest":3,"stat.drop.thaumcraft.sanity_checker":5,"stat.pickup.minecraft.bone":58,"stat.pickup.minecraft.redstone_torch":4,"stat.drop.minecraft.beetroot":5,"stat.drop.minecraft.glowstone_dust":12,"stat.mineBlock.thaumcraft.research_table":4,"stat.mineBlock.minecraft.brown_mushroom":5,"stat.useItem.minecraft.diamond_sword":193,"stat.drop.minecraft.iron_nugget":18,"stat.swimOneCm":212106,"stat.climbOneCm":18880,"stat.pickup.thaumcraft.candle_white":18,"stat.pickup.thaumcraft.cluster":17,"stat.useItem.minecraft.dirt":52,"stat.useItem.minecraft.red_flower":2,"stat.pickup.thaumcraft.elemental_pick":3,"stat.craftItem.minecraft.trapdoor":26,"stat.pickup.minecraft.cobblestone":2355,"stat.drop.thaumcraft.alumentum":1,"stat.useItem.minecraft.stone_shovel":45,"stat.craftItem.minecraft.glass_bottle":18,"stat.pickup.minecraft.soul_sand":90,"stat.drop.minecraft.wheat_seeds":38,"stat.useItem.thaumcraft.cinderpearl":4,"stat.useItem.minecraft.cooked_beef":58,"stat.craftItem.minecraft.wooden_slab":6,"stat.pickup.minecraft.redstone":99,"stat.craftItem.minecraft.dispenser":1,"stat.craftItem.minecraft.book":3,"stat.mineBlock.minecraft.iron_ore":122,"stat.mineBlock.thaumcraft.crucible":2,"stat.useItem.minecraft.sign":8,"stat.pickup.minecraft.mutton":37,"stat.pickup.minecraft.mossy_cobblestone":1,"stat.drop.minecraft.coal":6,"stat.pickup.minecraft.stonebrick":1,"stat.drop.minecraft.dirt":9,"stat.pickup.minecraft.iron_shovel":6,"stat.pickup.minecraft.trapdoor":3,"stat.drop.minecraft.beetroot_seeds":1,"stat.mineBlock.minecraft.nether_brick":11,"stat.craftItem.thaumcraft.alembic":1,"stat.craftItem.minecraft.stone_slab2":0,"stat.pickup.thaumcraft.focus_pouch":3,"stat.pickup.thaumcraft.phial":613,"stat.pickup.minecraft.paper":139,"stat.pickup.thaumcraft.ingot":28,"stat.craftItem.minecraft.stick":348,"stat.useItem.thaumcraft.log_silverwood":1,"stat.mineBlock.thaumcraft.taint_rock":8,"stat.craftItem.minecraft.stone":11,"stat.pickup.thaumcraft.plank_silverwood":2,"stat.craftItem.minecraft.armor_stand":3,"stat.pickup.minecraft.grass":1,"stat.pickup.thaumcraft.jar_normal":117,"stat.useItem.minecraft.diamond_pickaxe":1041,"stat.useItem.minecraft.carrot":103,"stat.pickup.minecraft.golden_horse_armor":2,"stat.pickup.minecraft.diamond_chestplate":18,"stat.useItem.minecraft.bucket":113,"stat.entityKilledBy.Creeper":1,"stat.drop.thaumcraft.metal_alchemical":5,"stat.drop.thaumcraft.tallow":1,"stat.mineBlock.minecraft.planks":30,"stat.drop":665,"stat.mineBlock.thaumcraft.crystal_aqua":25,"stat.killEntity.Sheep":10,"stat.pickup.minecraft.slime_ball":22,"stat.drop.minecraft.bread":53,"stat.craftItem.thaumcraft.nugget":582,"stat.craftItem.minecraft.jukebox":1,"stat.pickup.thaumcraft.scribing_tools":11,"stat.craftItem.minecraft.piston":1,"stat.killEntity.BrainyZombie":3,"stat.drop.minecraft.wooden_pickaxe":2,"stat.pickup.minecraft.gravel":204,"stat.pickup.thaumcraft.curio":3,"stat.drop.minecraft.cooked_beef":27,"stat.killEntity.Slime":18,"stat.drop.thaumcraft.ingot":1,"stat.drop.thaumcraft.essentia_input":5,"stat.pickup.thaumcraft.wand_workbench":1,"stat.pickup.minecraft.diamond_sword":19,"stat.pickup.minecraft.brick":2,"stat.pickup.minecraft.fence":14,"stat.pickup.minecraft.iron_helmet":6,"stat.useItem.minecraft.stone_axe":85,"stat.craftItem.minecraft.bread":424,"stat.pickup.minecraft.spider_eye":11,"stat.craftItem.minecraft.iron_helmet":1,"stat.pickup.thaumcraft.caster_basic":15,"stat.pickup.thaumcraft.cinderpearl":15,"stat.pickup.minecraft.iron_ore":136,"stat.pickup.thaumcraft.essentia_output":4,"stat.drop.thaumcraft.phial":15,"stat.mineBlock.minecraft.iron_bars":1,"stat.pickup.thaumcraft.traveller_boots":18,"stat.mineBlock.minecraft.leaves2":3,"stat.craftItem.minecraft.activator_rail":6,"stat.pickup.minecraft.leather":140,"stat.craftItem.minecraft.iron_bars":16,"stat.killEntity.TaintCrawler":1,"stat.craftItem.thaumcraft.phial":72,"stat.pickup.thaumcraft.alembic":14,"stat.drop.minecraft.water_bucket":1,"stat.mineBlock.thaumcraft.smelter_basic":3,"stat.pickup.minecraft.reeds":397,"stat.craftItem.thaumcraft.jar_normal":8,"stat.useItem.thaumcraft.candle_white":5,"stat.craftItem.minecraft.netherbrick":19,"stat.drop.thaumcraft.focus_pouch":1,"stat.damageDealt":46153,"stat.craftItem.minecraft.glass":37,"stat.craftItem.minecraft.cauldron":2,"stat.killEntity.Wisp":3,"stat.sleepInBed":22,"stat.craftItem.minecraft.bowl":48,"stat.killEntity.Cow":91,"stat.killEntity.Pig":1,"stat.mineBlock.thaumcraft.paving_stone_barrier":18,"stat.craftItem.minecraft.iron_sword":5,"stat.pickup.minecraft.piston":1,"stat.mineBlock.thaumcraft.nitor_yellow":8,"stat.craftItem.minecraft.stone_shovel":34,"stat.walkOneCm":4026708,"stat.playerKills":18,"stat.mineBlock.thaumcraft.lamp_fertility":1,"stat.pickup.minecraft.stick":13,"stat.useItem.thaumcraft.alembic":2,"stat.pickup.thaumcraft.taint_soil":8,"stat.pickup.thaumcraft.amulet_vis":2,"stat.pickup.thaumcraft.elemental_sword":6,"stat.pickup.minecraft.stone":162,"stat.mineBlock.thaumcraft.dioptra":1,"stat.drop.minecraft.diamond_leggings":2,"stat.mineBlock.thaumcraft.crystal_ignis":24,"stat.pickup.minecraft.gold_ingot":29,"stat.killEntity.Skeleton":23,"stat.pickup.thaumcraft.elemental_axe":4,"stat.pickup.thaumcraft.ore_cinnabar":12,"stat.killEntity.Chicken":24,"stat.pickup.minecraft.netherbrick":12,"stat.killEntity.Spider":19,"stat.mineBlock.minecraft.quartz_ore":44,"stat.pickup.minecraft.bread":411,"stat.drop.minecraft.diamond_boots":1,"stat.useItem.thaumcraft.curio":1,"stat.pickup.minecraft.quartz":75,"stat.mineBlock.thaumcraft.hungry_chest":3,"stat.pickup.minecraft.water_bucket":10,"stat.craftItem.thaumcraft.infusion_matrix":1,"stat.mineBlock.minecraft.leaves":44,"stat.mineBlock.thaumcraft.taint_log":5,"stat.mineBlock.minecraft.redstone_ore":12,"stat.pickup.minecraft.lava_bucket":6,"stat.drop.minecraft.beef":1,"stat.mineBlock.minecraft.stone":1349}