{"stat.walkOneCm":235532,"stat.leaveGame":4,"stat.useItem.minecraft.cobblestone":1,"stat.drop.minecraft.wool":27,"stat.pickup.minecraft.string":1,"stat.useItem.minecraft.rotten_flesh":1,"stat.jump":513,"stat.swimOneCm":16209,"stat.useItem.minecraft.sand":2,"stat.climbOneCm":496,"stat.fallOneCm":27080,"stat.useItem.minecraft.fire_charge":333,"stat.drop.minecraft.sapling":6,"stat.crouchOneCm":595,"stat.pickup.minecraft.spider_eye":1,"stat.pickup.minecraft.sapling":2,"stat.pickup.minecraft.dirt":2,"stat.sprintOneCm":1221,"stat.useItem.minecraft.stone_slab2":9,"stat.pickup.minecraft.rotten_flesh":2,"stat.pickup.minecraft.sand":4,"stat.useItem.minecraft.egg":4,"stat.useItem.minecraft.snowball":1579,"stat.pickup.thaumcraft.crystal_essence":4,"stat.damageTaken":3600,"stat.killEntity.Spider":1,"stat.drop.minecraft.snowball":6,"stat.pickup.minecraft.cobblestone":18,"stat.mobKills":1,"stat.drop.thaumcraft.crystal_essence":4,"stat.pickup.minecraft.reeds":2,"stat.flyOneCm":230330,"stat.deaths":9,"stat.drop":44,"stat.pickup.minecraft.egg":10,"stat.mineBlock.minecraft.sand":4,"stat.pickup.minecraft.potato":1,"stat.playOneMinute":98351,"stat.entityKilledBy.Zombie":3,"stat.sneakTime":837,"stat.pickup.minecraft.wool":28,"stat.damageDealt":824,"stat.timeSinceDeath":37823,"stat.pickup.minecraft.snowball":21,"stat.mineBlock.minecraft.dirt":2,"stat.drop.minecraft.reeds":1,"stat.diveOneCm":5866,"stat.pickup.minecraft.cooked_mutton":1}