{"stat.useItem.minecraft.bow":1,"stat.craftItem.thaumcraft.dioptra":1,"stat.pickup.minecraft.wooden_slab":9,"stat.leaveGame":43,"stat.drop.minecraft.gunpowder":2,"stat.pickup.thaumcraft.tube":24,"stat.useItem.thaumcraft.salis_mundus":10,"stat.craftItem.thaumcraft.potion_sprayer":1,"stat.killEntity.PigZombie":16,"stat.drop.thaumcraft.morphic_resonator":1,"stat.drop.thaumcraft.amulet_vis":1,"stat.drop.thaumcraft.fabric":1,"stat.drop.minecraft.feather":1,"stat.entityKilledBy.PigZombie":2,"stat.pickup.thaumcraft.tube_valve":27,"stat.craftItem.thaumcraft.scribing_tools":4,"stat.drop.minecraft.iron_sword":2,"stat.pickup.minecraft.rotten_flesh":229,"stat.craftItem.thaumcraft.thaumium_sword":1,"stat.craftItem.minecraft.stone_axe":1,"stat.useItem.minecraft.birch_boat":2,"stat.pickup.minecraft.bucket":26,"stat.drop.thaumcraft.nitor_yellow":1,"stat.killEntity.Enderman":6,"stat.pickup.minecraft.leather_boots":5,"stat.pickup.thaumcraft.nitor_yellow":30,"stat.craftItem.thaumcraft.table_stone":2,"stat.craftItem.minecraft.iron_shovel":2,"stat.pickup.minecraft.brown_mushroom":27,"stat.killEntity.Witch":5,"stat.useItem.thaumcraft.jar_normal":63,"stat.drop.thaumcraft.research_table":1,"stat.drop.minecraft.gold_ingot":4,"stat.drop.minecraft.tnt":2,"stat.mineBlock.thaumcraft.tube_valve":7,"stat.useItem.minecraft.iron_pickaxe":917,"stat.craftItem.minecraft.wooden_pickaxe":1,"stat.useItem.minecraft.iron_shovel":19,"stat.craftItem.minecraft.bed":1,"stat.craftItem.minecraft.glass_pane":672,"stat.drop.minecraft.diamond_chestplate":1,"stat.mineBlock.minecraft.hopper":2,"stat.furnaceInteraction":139,"stat.killEntity.ZombieVillager":7,"stat.pickup.minecraft.nether_brick":16,"stat.mineBlock.thaumcraft.stone_arcane":1,"stat.craftItem.thaumcraft.thaumometer":8,"stat.pickup.thaumcraft.pedestal_arcane":3,"stat.pickup.minecraft.beef":11,"stat.mineBlock.thaumcraft.wand_workbench":3,"stat.useItem.minecraft.trapdoor":1,"stat.useItem.minecraft.fence":15,"stat.mineBlock.thaumcraft.stabilizer":8,"stat.pickup.thaumcraft.lamp_fertility":7,"stat.craftItem.thaumcraft.plank_silverwood":16,"stat.pickup.minecraft.potion":3,"stat.useItem.minecraft.flint_and_steel":29,"stat.mineBlock.minecraft.fence":14,"stat.pickup.thaumcraft.crystal_essence":2964,"stat.useItem.minecraft.wheat_seeds":20,"stat.killEntity.Husk":11,"stat.pickup.minecraft.emerald":3,"stat.useItem.minecraft.beef":3,"stat.pickup.minecraft.lever":12,"stat.deaths":68,"stat.pickup.minecraft.bowl":7,"stat.pickup.minecraft.egg":238,"stat.pickup.thaumcraft.crystal_terra":1,"stat.mineBlock.thaumcraft.alembic":14,"stat.useItem.minecraft.nether_brick":19,"stat.craftItem.minecraft.iron_pickaxe":3,"stat.drop.thaumcraft.creative_flux_sponge":2,"stat.craftItem.thaumcraft.thaumium_hoe":1,"stat.pickup.minecraft.glass_pane":161,"stat.pickup.minecraft.item_frame":29,"stat.drop.minecraft.iron_ingot":60,"stat.drop.minecraft.torch":13,"stat.useItem.thaumcraft.paving_stone_barrier":126,"stat.pickup.thaumcraft.stabilizer":8,"stat.mineBlock.minecraft.tallgrass":61,"stat.killEntity.TaintSeedPrime":1,"stat.pickup.thaumcraft.thaumium_hoe":5,"stat.pickup.minecraft.cooked_mutton":3,"stat.chestOpened":1922,"stat.useItem.thaumcraft.sapling_greatwood":1,"stat.mineBlock.thaumcraft.stone_porous":10,"stat.useItem.minecraft.stone":850,"stat.pickup.thaumcraft.log_silverwood":143,"stat.pickup.thaumcraft.cloud_ring":9,"stat.pickup.minecraft.iron_sword":8,"stat.pickup.minecraft.arrow":128,"stat.pickup.thaumcraft.smelter_basic":6,"stat.pickup.minecraft.gold_nugget":50,"stat.craftItem.thaumcraft.essentia_output":2,"stat.drop.minecraft.iron_pickaxe":8,"stat.pickup.thaumcraft.hungry_chest":4,"stat.craftItem.thaumcraft.tube":32,"stat.pickup.minecraft.carrot":11,"stat.crouchOneCm":69897,"stat.mineBlock.minecraft.chest":13,"stat.mineBlock.thaumcraft.plank_silverwood":3,"stat.craftItem.minecraft.iron_ingot":136,"stat.pickup.thaumcraft.infusion_matrix":2,"stat.craftItem.minecraft.hopper":3,"stat.craftingTableInteraction":20,"stat.craftItem.thaumcraft.jar_void":40,"stat.pickup.minecraft.wooden_pickaxe":2,"stat.useItem.minecraft.reeds":62,"stat.pickup.minecraft.birch_boat":2,"stat.craftItem.minecraft.nether_brick":7,"stat.pickup.minecraft.dye":84,"stat.pickup.minecraft.planks":279,"stat.pickup.thaumcraft.goggles":23,"stat.mineBlock.thaumcraft.essentia_input":10,"stat.drop.thaumcraft.celestial_notes":1,"stat.pickup.minecraft.wheat_seeds":117,"stat.pickup.thaumcraft.empty":1,"stat.mineBlock.minecraft.glass":32,"stat.mineBlock.minecraft.dirt":118,"stat.useItem.thaumcraft.phial":1351,"stat.pickup.thaumcraft.dioptra":1,"stat.drop.thaumcraft.jar_void":1,"stat.useItem.minecraft.bread":119,"stat.pickup.thaumcraft.jar_void":120,"stat.drop.thaumcraft.vishroom":10,"stat.pickup.thaumcraft.thaumium_axe":2,"stat.drop.minecraft.rotten_flesh":1,"stat.mineBlock.thaumcraft.arcane_workbench":9,"stat.useItem.minecraft.cobblestone":148,"stat.pickup.minecraft.magma":3,"stat.mineBlock.minecraft.double_plant":1,"stat.mineBlock.thaumcraft.crystal_aer":33,"stat.drop.minecraft.glass_pane":51,"stat.drop.minecraft.chicken":1,"stat.pickup.minecraft.iron_pickaxe":20,"stat.drop.minecraft.iron_ore":3,"stat.mineBlock.thaumcraft.crystal_terra":4,"stat.pickup.thaumcraft.paving_stone_barrier":266,"stat.pickup.minecraft.hopper":6,"stat.pickup.minecraft.chicken":19,"stat.pickup.thaumcraft.vishroom":50,"stat.pickup.minecraft.apple":16,"stat.drop.thaumcraft.nugget":221,"stat.mineBlock.thaumcraft.shimmerleaf":2,"stat.craftItem.minecraft.bucket":2,"stat.craftItem.minecraft.planks":440,"stat.useItem.minecraft.iron_sword":306,"stat.entityKilledBy.Wolf":1,"stat.pickup.thaumcraft.alumentum":9,"stat.craftItem.thaumcraft.thaumium_axe":1,"stat.mineBlock.thaumcraft.crystal_ordo":8,"stat.pickup.thaumcraft.research_table":13,"stat.drop.thaumcraft.crystal_essence":73,"stat.useItem.minecraft.stonebrick":9,"stat.mineBlock.minecraft.log":78,"stat.useItem.minecraft.wooden_door":1,"stat.pickup.thaumcraft.table_wood":2,"stat.craftItem.minecraft.paper":177,"stat.useItem.thaumcraft.essentia_input":2,"stat.pickup.minecraft.red_flower":4,"stat.pickup.minecraft.wool":39,"stat.drop.thaumcraft.tube":20,"stat.craftItem.thaumcraft.plank_greatwood":8,"stat.pickup.thaumcraft.log_greatwood":6,"stat.mineBlock.thaumcraft.ore_cinnabar":10,"stat.craftItem.thaumcraft.smelter_basic":1,"stat.drop.minecraft.stone_shovel":15,"stat.mineBlock.minecraft.cobblestone":67,"stat.pickup.minecraft.stone_pickaxe":1,"stat.pickup.minecraft.flint":12,"stat.useItem.minecraft.skull":9,"stat.craftItem.thaumcraft.candle_white":24,"stat.mineBlock.thaumcraft.ore_amber":27,"stat.mineBlock.thaumcraft.centrifuge":2,"stat.drop.minecraft.cobblestone":34,"stat.drop.thaumcraft.jar_normal":4,"stat.useItem.minecraft.obsidian":26,"stat.useItem.minecraft.stone_slab2":6387,"stat.pickup.minecraft.bow":5,"stat.drop.thaumcraft.focus_1":1,"stat.craftItem.minecraft.furnace":5,"stat.craftItem.thaumcraft.bellows":6,"stat.useItem.minecraft.egg":101,"stat.pickup.minecraft.pumpkin_pie":22,"stat.craftItem.minecraft.cooked_beef":19,"stat.mineBlock.minecraft.obsidian":15,"stat.craftItem.thaumcraft.wand_workbench":1,"stat.pickup.minecraft.shears":9,"stat.killEntity.Firebat":2,"stat.craftItem.minecraft.bow":3,"stat.pickup.minecraft.diamond_leggings":17,"stat.flyOneCm":5086987,"stat.pickup.minecraft.sandstone":13,"stat.entityKilledBy.Wisp":4,"stat.pickup.minecraft.fish":4,"stat.pickup.thaumcraft.verdant_charm":8,"stat.craftItem.thaumcraft.sanity_checker":1,"stat.timeSinceDeath":1945,"stat.pickup.thaumcraft.tallow":25,"stat.pickup.thaumcraft.morphic_resonator":1,"stat.pickup.thaumcraft.arcane_workbench":9,"stat.killEntity.Bat":3,"stat.drop.thaumcraft.plate":3,"stat.craftItem.minecraft.stonebrick":12,"stat.craftItem.thaumcraft.plate":99,"stat.useItem.minecraft.potato":3,"stat.killEntity.Wolf":1,"stat.mineBlock.minecraft.coal_ore":21,"stat.drop.thaumcraft.cloud_ring":1,"stat.killEntity.Creeper":14,"stat.craftItem.thaumcraft.mechanism_simple":4,"stat.useItem.minecraft.armor_stand":3,"stat.craftItem.thaumcraft.morphic_resonator":1,"stat.pickup.minecraft.string":50,"stat.craftItem.thaumcraft.tube_valve":6,"stat.mineBlock.minecraft.ladder":12,"stat.entityKilledBy.Skeleton":9,"stat.pickup.thaumcraft.shimmerleaf":11,"stat.useItem.minecraft.written_book":4,"stat.killEntity.Squid":6,"stat.sprintOneCm":3920291,"stat.pickup.thaumcraft.taint_rock":22,"stat.mineBlock.minecraft.diamond_ore":10,"stat.mineBlock.thaumcraft.recharge_pedestal":7,"stat.pickup.thaumcraft.fabric":6,"stat.pickup.minecraft.sugar":2,"stat.mineBlock.thaumcraft.placeholder_brick":1,"stat.useItem.minecraft.ladder":12,"stat.mineBlock.thaumcraft.potion_sprayer":1,"stat.drop.thaumcraft.lamp_arcane":1,"stat.pickup.thaumcraft.sapling_silverwood":2,"stat.killEntity.Zombie":92,"stat.craftItem.minecraft.dye":33,"stat.pickup.minecraft.snowball":40,"stat.mineBlock.minecraft.gold_ore":18,"stat.diveOneCm":131046,"stat.drop.minecraft.diamond_pickaxe":2,"stat.pickup.minecraft.wheat":45,"stat.craftItem.minecraft.sandstone":59,"stat.craftItem.minecraft.ladder":6,"stat.pickup.minecraft.sign":10,"stat.pickup.thaumcraft.thaumium_sword":3,"stat.craftItem.thaumcraft.fabric":3,"stat.craftItem.thaumcraft.salis_mundus":3,"stat.useItem.minecraft.chicken":1,"stat.pickup.minecraft.stone_axe":4,"stat.pickup.minecraft.obsidian":19,"stat.jump":14623,"stat.useItem.minecraft.sand":20,"stat.drop.thaumcraft.caster_basic":2,"stat.pickup.minecraft.coal":299,"stat.pickup.minecraft.iron_ingot":299,"stat.craftItem.thaumcraft.metal_alchemical":2,"stat.craftItem.minecraft.lever":6,"stat.drop.minecraft.diamond_sword":11,"stat.pickup.minecraft.gunpowder":42,"stat.pickup.thaumcraft.plank_greatwood":11,"stat.pickup.minecraft.dirt":371,"stat.drop.minecraft.iron_shovel":1,"stat.pickup.thaumcraft.potion_sprayer":1,"stat.craftItem.thaumcraft.vis_battery":1,"stat.pickup.thaumcraft.vis_resonator":7,"stat.useItem.minecraft.glass":69,"stat.pickup.minecraft.stone_shovel":28,"stat.pickup.minecraft.gold_ore":14,"stat.useItem.minecraft.sapling":14,"stat.mineBlock.minecraft.lapis_ore":4,"stat.pickup.thaumcraft.recharge_pedestal":7,"stat.damageTaken":36362,"stat.pickup.minecraft.written_book":4,"stat.mineBlock.minecraft.torch":35,"stat.mineBlock.minecraft.red_flower":3,"stat.craftItem.minecraft.comparator":1,"stat.drop.thaumcraft.traveller_boots":1,"stat.pickup.minecraft.bed":4,"stat.pickup.minecraft.potato":4,"stat.entityKilledBy.Zombie":2,"stat.drop.thaumcraft.thaumometer":2,"stat.drop.thaumcraft.brain":1,"stat.craftItem.minecraft.stone_slab":6,"stat.mineBlock.thaumcraft.essentia_output":5,"stat.useItem.thaumcraft.elemental_pick":180,"stat.useItem.minecraft.chest":7,"stat.drop.minecraft.item_frame":1,"stat.drop.minecraft.wheat":1,"stat.pickup.minecraft.diamond_pickaxe":5,"stat.useItem.minecraft.gold_ore":1,"stat.useItem.minecraft.lava_bucket":26,"stat.craftItem.thaumcraft.caster_basic":1,"stat.pickup.minecraft.baked_potato":1,"stat.pickup.minecraft.ender_pearl":3,"stat.drop.minecraft.egg":1,"stat.pickup.minecraft.cooked_beef":518,"stat.pickup.minecraft.ladder":63,"stat.useItem.minecraft.netherrack":4,"stat.pickup.thaumcraft.baubles":17,"stat.drop.thaumcraft.plank_silverwood":14,"stat.pickup.thaumcraft.filter":114,"stat.craftItem.minecraft.bookshelf":1,"stat.craftItem.thaumcraft.thaumium_shovel":1,"stat.mineBlock.minecraft.stonebrick":4,"stat.mobKills":267,"stat.pickup.minecraft.diamond_boots":23,"stat.mineBlock.thaumcraft.bellows":12,"stat.craftItem.minecraft.shears":1,"stat.pickup.thaumcraft.thaumometer":37,"stat.pickup.minecraft.diamond":40,"stat.pickup.minecraft.beetroot_seeds":88,"stat.pickup.minecraft.iron_horse_armor":10,"stat.pickup.minecraft.torch":517,"stat.pickup.thaumcraft.brain":33,"stat.pickup.thaumcraft.metal_alchemical":16,"stat.drop.minecraft.stone_axe":1,"stat.pickup.thaumcraft.thaumonomicon":33,"stat.craftItem.thaumcraft.quicksilver":11,"stat.drop.minecraft.arrow":1,"stat.craftItem.minecraft.map":1,"stat.craftItem.minecraft.compass":2,"stat.pickup.thaumcraft.plate":28,"stat.craftItem.thaumcraft.baubles":4,"stat.drop.thaumcraft.scribing_tools":2,"stat.pickup.thaumcraft.lamp_arcane":4,"stat.mineBlock.thaumcraft.infusion_matrix":1,"stat.mineBlock.thaumcraft.ore_quartz":13,"stat.pickup.thaumcraft.chunk":16,"stat.drop.thaumcraft.lamp_growth":3,"stat.pickup.thaumcraft.slab_arcane_stone":4,"stat.useItem.minecraft.soul_sand":1,"stat.killEntity.Blaze":10,"stat.pickup.thaumcraft.essentia_input":17,"stat.mineBlock.thaumcraft.taint_soil":10,"stat.drop.minecraft.trapdoor":1,"stat.useItem.minecraft.mutton":2,"stat.pickup.minecraft.fishing_rod":1,"stat.useItem.minecraft.planks":54,"stat.craftItem.thaumcraft.vis_resonator":8,"stat.pickup.thaumcraft.crucible":3,"stat.pickup.minecraft.glowstone_dust":70,"stat.drop.minecraft.bowl":1,"stat.drop.minecraft.wooden_door":1,"stat.pickup.minecraft.glass":78,"stat.useItem.thaumcraft.bellows":14,"stat.useItem.minecraft.water_bucket":281,"stat.mineBlock.thaumcraft.log_greatwood":4,"stat.mineBlock.minecraft.red_mushroom":16,"stat.pickup.minecraft.sand":316,"stat.entityKilledBy.TaintSeedPrime":3,"stat.pickup.thaumcraft.focus_1":11,"stat.pickup.minecraft.name_tag":4,"stat.pickup.thaumcraft.celestial_notes":52,"stat.craftItem.thaumcraft.lamp_arcane":4,"stat.pickup.minecraft.activator_rail":45,"stat.mineBlock.minecraft.snow_layer":2,"stat.mineBlock.minecraft.sand":147,"stat.pickup.thaumcraft.thaumium_shovel":3,"stat.craftItem.thaumcraft.recharge_pedestal":1,"stat.hopperInspected":29,"stat.useItem.thaumcraft.elemental_sword":250,"stat.drop.thaumcraft.elemental_sword":5,"stat.useItem.minecraft.spawn_egg":52,"stat.mineBlock.thaumcraft.log_silverwood":109,"stat.pickup.minecraft.armor_stand":1,"stat.trappedChestTriggered":1,"stat.drop.thaumcraft.thaumonomicon":7,"stat.pickup.thaumcraft.everfull_urn":3,"stat.mineBlock.thaumcraft.taint_fibre":29,"stat.mineBlock.thaumcraft.tube":11,"stat.pickup.minecraft.furnace":6,"stat.drop.minecraft.diamond_helmet":1,"stat.pickup.thaumcraft.stone_arcane":9,"stat.mineBlock.thaumcraft.cinderpearl":12,"stat.drop.minecraft.fishing_rod":1,"stat.pickup.minecraft.skull":1,"stat.drop.thaumcraft.salis_mundus":12,"stat.mineBlock.thaumcraft.vishroom":26,"stat.pickup.thaumcraft.salis_mundus":4,"stat.entityKilledBy.BrainyZombie":1,"stat.pickup.thaumcraft.nugget":806,"stat.useItem.minecraft.pumpkin_pie":11,"stat.pickup.minecraft.pumpkin_seeds":2,"stat.drop.minecraft.snowball":4,"stat.pickup.minecraft.saddle":3,"stat.mineBlock.minecraft.soul_sand":21,"stat.pickup.thaumcraft.creative_flux_sponge":3,"stat.playOneMinute":2302061,"stat.pickup.minecraft.blaze_rod":4,"stat.pickup.minecraft.iron_bars":1,"stat.pickup.minecraft.dispenser":3,"stat.pickup.minecraft.netherrack":85,"stat.pickup.minecraft.pumpkin":2,"stat.pickup.thaumcraft.sanity_checker":6,"stat.mineBlock.minecraft.netherrack":15,"stat.useItem.thaumcraft.nitor_yellow":46,"stat.craftItem.thaumcraft.arcane_workbench_charger":2,"stat.mineBlock.thaumcraft.lamp_arcane":1,"stat.mineBlock.thaumcraft.pedestal_arcane":2,"stat.pickup.thaumcraft.bellows":14,"stat.useItem.thaumcraft.research_table":1,"stat.pickup.thaumcraft.sapling_greatwood":2,"stat.drop.thaumcraft.amber":3,"stat.useItem.thaumcraft.lamp_arcane":3,"stat.useItem.minecraft.experience_bottle":10,"stat.pickup.minecraft.cooked_chicken":13,"stat.fallOneCm":435475,"stat.drop.minecraft.stone":3,"stat.drop.minecraft.dye":6,"stat.craftItem.thaumcraft.stone_arcane":18,"stat.pickup.thaumcraft.mechanism_complex":1,"stat.drop.minecraft.gold_ore":3,"stat.craftItem.minecraft.chest":5,"stat.mineBlock.minecraft.lever":10,"stat.pickup.minecraft.red_mushroom":34,"stat.pickup.minecraft.milk_bucket":6,"stat.craftItem.thaumcraft.slab_arcane_stone":36,"stat.pickup.minecraft.feather":422,"stat.drop.minecraft.bone":11,"stat.mineBlock.thaumcraft.candle_white":2,"stat.useItem.minecraft.furnace":2,"stat.craftItem.thaumcraft.filter":2,"stat.killEntity.Llama":1,"stat.mineBlock.minecraft.gravel":69,"stat.useItem.minecraft.stone_pickaxe":94,"stat.pickup.minecraft.flint_and_steel":17,"stat.useItem.minecraft.torch":7,"stat.pickup.minecraft.golden_apple":2,"stat.drop.thaumcraft.enchanted_placeholder":1,"stat.useItem.thaumcraft.jar_void":41,"stat.pickup.minecraft.iron_nugget":144,"stat.craftItem.minecraft.redstone_block":1,"stat.useItem.thaumcraft.vishroom":5,"stat.pickup.minecraft.crafting_table":2,"stat.craftItem.minecraft.crafting_table":2,"stat.pickup.minecraft.iron_hoe":3,"stat.pickup.minecraft.redstone_block":1,"stat.pickup.minecraft.log":462,"stat.pickup.thaumcraft.thaumium_pick":3,"stat.drop.minecraft.stonebrick":1,"stat.craftItem.minecraft.stone_button":1,"stat.drop.minecraft.planks":10,"stat.pickup.minecraft.web":2,"stat.pickup.minecraft.sapling":85,"stat.pickup.minecraft.wooden_door":2,"stat.craftItem.thaumcraft.thaumium_pick":1,"stat.useItem.thaumcraft.elemental_axe":35,"stat.pickup.minecraft.beetroot":1,"stat.pickup.thaumcraft.lamp_growth":11,"stat.pickup.minecraft.diamond_helmet":16,"stat.craftItem.thaumcraft.centrifuge":1,"stat.drop.thaumcraft.elemental_pick":2,"stat.pickup.minecraft.golden_sword":3,"stat.mineBlock.thaumcraft.metal_alchemical":5,"stat.craftItem.minecraft.cooked_chicken":2,"stat.craftItem.thaumcraft.focus_pouch":2,"stat.drop.thaumcraft.mechanism_simple":3,"stat.useItem.minecraft.beetroot_seeds":3,"stat.sneakTime":39636,"stat.pickup.thaumcraft.amber":211,"stat.mineBlock.thaumcraft.crystal_perditio":15,"stat.drop.minecraft.bucket":6,"stat.drop.minecraft.yellow_flower":1,"stat.pickup.minecraft.yellow_flower":2,"stat.mineBlock.minecraft.jukebox":1,"stat.useItem.minecraft.fishing_rod":16,"stat.mineBlock.thaumcraft.vis_battery":2,"stat.pickup.minecraft.chest":32,"stat.craftItem.minecraft.diamond_chestplate":1,"stat.drop.thaumcraft.sanity_checker":5,"stat.pickup.minecraft.bone":108,"stat.pickup.minecraft.redstone_torch":1,"stat.drop.minecraft.glowstone_dust":1,"stat.pickup.thaumcraft.arcane_workbench_charger":3,"stat.mineBlock.thaumcraft.research_table":11,"stat.mineBlock.minecraft.brown_mushroom":1,"stat.useItem.minecraft.diamond_sword":954,"stat.drop.thaumcraft.log_silverwood":1,"stat.craftItem.thaumcraft.goggles":2,"stat.swimOneCm":244670,"stat.climbOneCm":14049,"stat.pickup.thaumcraft.candle_white":45,"stat.pickup.thaumcraft.cluster":20,"stat.useItem.minecraft.dirt":907,"stat.pickup.minecraft.daylight_detector":1,"stat.pickup.thaumcraft.elemental_pick":7,"stat.craftItem.minecraft.trapdoor":38,"stat.mineBlock.thaumcraft.lamp_growth":3,"stat.mineBlock.minecraft.magma":6,"stat.pickup.minecraft.cobblestone":2290,"stat.craftItem.thaumcraft.stabilizer":1,"stat.useItem.thaumcraft.plank_silverwood":1,"stat.useItem.thaumcraft.tube_valve":3,"stat.useItem.thaumcraft.thaumium_pick":1,"stat.useItem.minecraft.stone_shovel":30,"stat.pickup.minecraft.soul_sand":22,"stat.useItem.minecraft.red_mushroom":1,"stat.drop.minecraft.wheat_seeds":2,"stat.useItem.minecraft.cooked_beef":152,"stat.craftItem.minecraft.wooden_slab":102,"stat.pickup.minecraft.redstone":85,"stat.craftItem.minecraft.dispenser":3,"stat.mineBlock.minecraft.iron_ore":167,"stat.craftItem.minecraft.book":3,"stat.drop.minecraft.log":4,"stat.mineBlock.thaumcraft.crucible":3,"stat.pickup.thaumcraft.centrifuge":3,"stat.useItem.thaumcraft.metal_alchemical":5,"stat.pickup.thaumcraft.crystal_ignis":1,"stat.pickup.minecraft.mutton":8,"stat.drop.minecraft.coal":7,"stat.useItem.minecraft.lever":6,"stat.pickup.minecraft.stonebrick":4,"stat.drop.minecraft.dirt":13,"stat.pickup.minecraft.iron_shovel":2,"stat.pickup.minecraft.trapdoor":1,"stat.mineBlock.minecraft.nether_brick":14,"stat.craftItem.thaumcraft.alembic":1,"stat.craftItem.minecraft.stone_slab2":0,"stat.pickup.thaumcraft.focus_pouch":1,"stat.pickup.thaumcraft.phial":829,"stat.pickup.minecraft.paper":351,"stat.pickup.thaumcraft.ingot":93,"stat.craftItem.minecraft.stick":96,"stat.mineBlock.thaumcraft.everfull_urn":3,"stat.useItem.thaumcraft.tube":9,"stat.mineBlock.thaumcraft.taint_rock":13,"stat.craftItem.minecraft.stone":122,"stat.pickup.thaumcraft.plank_silverwood":8,"stat.mineBlock.minecraft.crafting_table":2,"stat.pickup.thaumcraft.jar_normal":359,"stat.useItem.minecraft.diamond_pickaxe":163,"stat.pickup.minecraft.golden_horse_armor":12,"stat.pickup.minecraft.diamond_chestplate":23,"stat.useItem.minecraft.bucket":42,"stat.drop.thaumcraft.tallow":5,"stat.mineBlock.minecraft.planks":31,"stat.drop":831,"stat.mineBlock.thaumcraft.crystal_aqua":8,"stat.pickup.minecraft.jukebox":1,"stat.killEntity.Sheep":5,"stat.pickup.minecraft.slime_ball":13,"stat.craftItem.minecraft.diamond_pickaxe":1,"stat.drop.minecraft.bread":40,"stat.craftItem.thaumcraft.nugget":45,"stat.craftItem.minecraft.jukebox":1,"stat.pickup.thaumcraft.scribing_tools":15,"stat.craftItem.minecraft.piston":1,"stat.killEntity.BrainyZombie":6,"stat.pickup.thaumcraft.stone_arcane_brick":80,"stat.drop.thaumcraft.taint_rock":3,"stat.drop.minecraft.wooden_pickaxe":1,"stat.pickup.minecraft.gravel":205,"stat.pickup.thaumcraft.curio":3,"stat.drop.minecraft.cooked_beef":27,"stat.drop.thaumcraft.ingot":1,"stat.pickup.thaumcraft.wand_workbench":3,"stat.mineBlock.minecraft.deadbush":2,"stat.pickup.minecraft.diamond_sword":33,"stat.pickup.minecraft.brick":26,"stat.pickup.minecraft.fence":31,"stat.useItem.minecraft.wooden_hoe":5,"stat.pickup.minecraft.iron_helmet":3,"stat.craftItem.minecraft.birch_boat":1,"stat.pickup.thaumcraft.quicksilver":20,"stat.useItem.minecraft.stone_axe":6,"stat.pickup.minecraft.spider_eye":38,"stat.useItem.thaumcraft.thaumium_shovel":127,"stat.pickup.thaumcraft.caster_basic":22,"stat.pickup.thaumcraft.cinderpearl":24,"stat.useItem.minecraft.cooked_chicken":3,"stat.pickup.minecraft.iron_ore":351,"stat.pickup.thaumcraft.essentia_output":5,"stat.boatOneCm":190161,"stat.drop.thaumcraft.phial":43,"stat.mineBlock.minecraft.iron_bars":1,"stat.craftItem.minecraft.flint_and_steel":1,"stat.pickup.thaumcraft.traveller_boots":17,"stat.mineBlock.minecraft.leaves2":1,"stat.useItem.thaumcraft.recharge_pedestal":3,"stat.craftItem.minecraft.activator_rail":6,"stat.pickup.minecraft.leather":50,"stat.mineBlock.minecraft.furnace":5,"stat.useItem.minecraft.wooden_pickaxe":8,"stat.pickup.thaumcraft.alembic":16,"stat.drop.minecraft.water_bucket":3,"stat.mineBlock.thaumcraft.smelter_basic":3,"stat.pickup.minecraft.reeds":263,"stat.craftItem.thaumcraft.jar_normal":59,"stat.useItem.thaumcraft.candle_white":34,"stat.killEntity.CaveSpider":1,"stat.craftItem.minecraft.netherbrick":73,"stat.damageDealt":56516,"stat.craftItem.minecraft.glass":56,"stat.killEntity.Wisp":5,"stat.sleepInBed":10,"stat.craftItem.minecraft.bowl":4,"stat.killEntity.Cow":2,"stat.pickup.thaumcraft.vis_battery":2,"stat.craftItem.minecraft.iron_sword":5,"stat.mineBlock.thaumcraft.paving_stone_barrier":69,"stat.pickup.minecraft.piston":2,"stat.craftItem.minecraft.stone_shovel":26,"stat.mineBlock.thaumcraft.nitor_yellow":27,"stat.walkOneCm":5523317,"stat.playerKills":5,"stat.mineBlock.thaumcraft.lamp_fertility":2,"stat.pickup.minecraft.stick":25,"stat.pickup.minecraft.clay_ball":160,"stat.pickup.thaumcraft.taint_soil":20,"stat.pickup.thaumcraft.amulet_vis":1,"stat.pickup.thaumcraft.elemental_sword":11,"stat.pickup.minecraft.tnt":1,"stat.pickup.minecraft.stone":479,"stat.mineBlock.thaumcraft.dioptra":1,"stat.mineBlock.thaumcraft.crystal_ignis":4,"stat.pickup.minecraft.gold_ingot":88,"stat.killEntity.Skeleton":49,"stat.killEntity.Pech":2,"stat.pickup.thaumcraft.elemental_axe":4,"stat.pickup.thaumcraft.ore_cinnabar":24,"stat.killEntity.Chicken":10,"stat.pickup.minecraft.netherbrick":5,"stat.killEntity.Spider":18,"stat.pickup.minecraft.bread":340,"stat.mineBlock.minecraft.quartz_ore":9,"stat.craftItem.thaumcraft.mirrored_glass":1,"stat.useItem.thaumcraft.curio":2,"stat.pickup.minecraft.quartz":44,"stat.craftItem.minecraft.fence":15,"stat.mineBlock.thaumcraft.hungry_chest":3,"stat.drop.thaumcraft.levitator":1,"stat.pickup.minecraft.water_bucket":14,"stat.craftItem.thaumcraft.infusion_matrix":1,"stat.mineBlock.minecraft.leaves":189,"stat.useItem.thaumcraft.arcane_workbench_charger":3,"stat.mineBlock.minecraft.piston":1,"stat.drop.thaumcraft.verdant_charm":1,"stat.mineBlock.minecraft.redstone_ore":1,"stat.drop.thaumcraft.paving_stone_barrier":4,"stat.pickup.minecraft.lava_bucket":10,"stat.drop.minecraft.beef":1,"stat.mineBlock.minecraft.stone":576,"stat.mineBlock.thaumcraft.thaumatorium_top":1}