{"stat.useItem.minecraft.command_block":1,"stat.useItem.minecraft.splash_potion":36,"stat.walkOneCm":75557,"stat.leaveGame":21,"stat.killEntity.Creeper":2,"stat.useItem.minecraft.diamond_sword":5,"stat.useItem.minecraft.glowstone":1,"stat.jump":106,"stat.swimOneCm":196,"stat.useItem.minecraft.planks":2,"stat.crouchOneCm":1075,"stat.useItem.minecraft.dirt":21,"stat.sprintOneCm":7632,"stat.pickup.minecraft.rotten_flesh":57,"stat.pickup.minecraft.splash_potion":4,"stat.mobKills":3,"stat.flyOneCm":472113,"stat.pickup.minecraft.water_bucket":1,"stat.deaths":1,"stat.playOneMinute":76689,"stat.sneakTime":878,"stat.timeSinceDeath":19191,"stat.diveOneCm":4022}