{"stat.leaveGame":7,"stat.pickup.minecraft.gravel":63,"stat.craftItem.minecraft.cooked_porkchop":3,"stat.mineBlock.minecraft.ice":1,"stat.pickup.minecraft.flint":12,"stat.jump":197,"stat.swimOneCm":1350,"stat.fallOneCm":4529,"stat.pickup.minecraft.cooked_porkchop":1,"stat.useItem.minecraft.stone_axe":37,"stat.pickup.minecraft.porkchop":10,"stat.crouchOneCm":344,"stat.pickup.minecraft.dirt":8,"stat.pickup.minecraft.red_mushroom":4,"stat.craftingTableInteraction":7,"stat.craftItem.minecraft.furnace":1,"stat.craftItem.minecraft.stone_axe":1,"stat.pickup.minecraft.leather":1,"stat.damageTaken":60,"stat.craftItem.minecraft.stone_pickaxe":1,"stat.mineBlock.minecraft.furnace":1,"stat.useItem.minecraft.wooden_pickaxe":25,"stat.useItem.minecraft.furnace":1,"stat.pickup.minecraft.cobblestone":61,"stat.craftItem.minecraft.wooden_sword":1,"stat.useItem.minecraft.stone_shovel":77,"stat.killEntity.Llama":3,"stat.craftItem.minecraft.stone_sword":1,"stat.flyOneCm":253736,"stat.pickup.minecraft.rabbit_hide":1,"stat.mineBlock.minecraft.gravel":75,"stat.useItem.minecraft.stone_pickaxe":45,"stat.useItem.minecraft.stone_sword":53,"stat.damageDealt":1431,"stat.killEntity.Rabbit":1,"stat.timeSinceDeath":53873,"stat.useItem.minecraft.crafting_table":2,"stat.mineBlock.minecraft.dirt":9,"stat.craftItem.minecraft.wooden_pickaxe":1,"stat.killEntity.Pig":5,"stat.craftItem.minecraft.stone_shovel":1,"stat.walkOneCm":49221,"stat.useItem.minecraft.log":130,"stat.pickup.minecraft.crafting_table":2,"stat.craftItem.minecraft.crafting_table":1,"stat.furnaceInteraction":5,"stat.useItem.minecraft.gravel":29,"stat.useItem.minecraft.cooked_porkchop":1,"stat.killEntity.Creeper":1,"stat.pickup.minecraft.log":41,"stat.pickup.minecraft.furnace":1,"stat.pickup.minecraft.sapling":2,"stat.sprintOneCm":30787,"stat.craftItem.minecraft.stick":12,"stat.craftItem.minecraft.wooden_axe":1,"stat.craftItem.minecraft.planks":52,"stat.useItem.minecraft.flint_and_steel":30,"stat.mineBlock.minecraft.crafting_table":2,"stat.mobKills":11,"stat.mineBlock.minecraft.log":41,"stat.mineBlock.minecraft.leaves":17,"stat.playOneMinute":53873,"stat.useItem.minecraft.wooden_sword":20,"stat.sneakTime":814,"stat.killEntity.Zombie":1,"stat.mineBlock.minecraft.stone":61,"stat.mineBlock.minecraft.tallgrass":8}