{"stat.useItem.minecraft.sticky_piston":11,"stat.pickup.minecraft.redstone_torch":2,"stat.useItem.minecraft.stone":1,"stat.useItem.minecraft.repeater":5,"stat.leaveGame":51,"stat.useItem.minecraft.glowstone":5,"stat.useItem.minecraft.bedrock":1,"stat.jump":882,"stat.swimOneCm":7250,"stat.useItem.minecraft.planks":217,"stat.fallOneCm":3100,"stat.useItem.minecraft.golden_shovel":1,"stat.crouchOneCm":20923,"stat.pickup.minecraft.dropper":5,"stat.useItem.minecraft.obsidian":192,"stat.useItem.minecraft.redstone_torch":2,"stat.useItem.minecraft.stone_button":15,"stat.useItem.minecraft.dirt":1,"stat.pickup.minecraft.dirt":10,"stat.useItem.minecraft.water_bucket":4,"stat.pickup.minecraft.iron_ore":2,"stat.pickup.minecraft.repeater":2,"stat.damageTaken":1562,"stat.useItem.minecraft.end_crystal":8,"stat.dispenserInspected":1,"stat.aviateOneCm":789730,"stat.pickup.minecraft.planks":32,"stat.useItem.minecraft.slime":2,"stat.pickup.minecraft.reeds":52096,"stat.useItem.minecraft.brick_block":46,"stat.useItem.minecraft.anvil":2,"stat.flyOneCm":2556910,"stat.pickup.minecraft.cactus":137,"stat.damageDealt":510,"stat.pickup.minecraft.redstone":10,"stat.useItem.minecraft.wool":145,"stat.useItem.minecraft.snow_layer":1,"stat.timeSinceDeath":2970,"stat.hopperInspected":2,"stat.pickup.minecraft.mutton":2,"stat.useItem.minecraft.command_block":5,"stat.walkOneCm":183235,"stat.useItem.minecraft.torch":41,"stat.useItem.minecraft.lever":1,"stat.pickup.minecraft.wooden_axe":2,"stat.useItem.minecraft.log":45,"stat.useItem.minecraft.cobblestone":95,"stat.useItem.minecraft.gold_ore":27,"stat.useItem.minecraft.dark_oak_stairs":136,"stat.killEntity.Creeper":1,"stat.pickup.minecraft.bedrock":1,"stat.useItem.minecraft.cooked_mutton":1,"stat.useItem.minecraft.redstone":28,"stat.useItem.minecraft.golden_axe":2,"stat.drop.minecraft.planks":32,"stat.pickup.minecraft.chicken":1,"stat.useItem.minecraft.stained_hardened_clay":2,"stat.pickup.minecraft.sapling":2,"stat.sprintOneCm":257752,"stat.pickup.minecraft.apple":1,"stat.useItem.minecraft.fireworks":4,"stat.useItem.minecraft.glass_pane":28,"stat.useItem.minecraft.stone_slab":171,"stat.killEntity.Chicken":1,"stat.useItem.minecraft.iron_block":37,"stat.drop.minecraft.dropper":5,"stat.mobKills":4,"stat.deaths":7,"stat.useItem.minecraft.spruce_door":2,"stat.drop":26,"stat.playOneMinute":169765,"stat.killEntity.Sheep":1,"stat.sneakTime":9635,"stat.pickup.minecraft.wool":3,"stat.killEntity.Zombie":1,"stat.useItem.minecraft.wooden_axe":3,"stat.diveOneCm":18867,"stat.pickup.minecraft.cooked_mutton":4}