{"stat.pickup.minecraft.redstone_torch":15,"stat.useItem.minecraft.repeater":13,"stat.leaveGame":29,"stat.pickup.minecraft.flint":2,"stat.drop.minecraft.redstone":2,"stat.useItem.minecraft.diamond_sword":18,"stat.swimOneCm":42198,"stat.useItem.minecraft.snow":6,"stat.useItem.minecraft.planks":40,"stat.climbOneCm":2338,"stat.drop.minecraft.cobblestone":12,"stat.drop.minecraft.feather":4,"stat.useItem.minecraft.coal_block":55,"stat.useItem.minecraft.obsidian":51,"stat.useItem.minecraft.redstone_torch":35,"stat.useItem.minecraft.dirt":271,"stat.useItem.minecraft.water_bucket":579,"stat.pickup.minecraft.rotten_flesh":176,"stat.drop.minecraft.redstone_torch":12,"stat.drop.minecraft.end_crystal":1,"stat.entityKilledBy.Spider":1,"stat.pickup.minecraft.splash_potion":20,"stat.useItem.minecraft.red_nether_brick":126,"stat.killEntity.Enderman":1,"stat.pickup.minecraft.cobblestone":17,"stat.drop.minecraft.elytra":1,"stat.useItem.minecraft.brick_block":10,"stat.drop.minecraft.rabbit_hide":1,"stat.flyOneCm":2393419,"stat.useItem.minecraft.ender_pearl":3,"stat.drop.minecraft.sand":64,"stat.pickup.minecraft.cactus":1701,"stat.drop.minecraft.snow_layer":1,"stat.pickup.minecraft.redstone":5,"stat.drop.minecraft.tnt":1,"stat.timeSinceDeath":253844,"stat.hopperInspected":5,"stat.useItem.minecraft.sign":8,"stat.drop.minecraft.log":2,"stat.useItem.minecraft.spawn_egg":1,"stat.useItem.minecraft.wooden_slab":14,"stat.drop.minecraft.repeater":3,"stat.pickup.minecraft.double_plant":1,"stat.useItem.minecraft.lever":13,"stat.drop.minecraft.diamond_chestplate":1,"stat.drop.minecraft.gravel":15,"stat.drop.minecraft.stained_glass":5,"stat.drop.minecraft.flint_and_steel":3,"stat.drop.minecraft.dirt":72,"stat.drop.minecraft.diamond_block":64,"stat.drop.minecraft.wool":1,"stat.drop.minecraft.stone_slab":1,"stat.drop.minecraft.bedrock":1,"stat.useItem.minecraft.end_stone":1,"stat.useItem.minecraft.redstone":32,"stat.drop.minecraft.diamond_helmet":1,"stat.drop.minecraft.cactus":3,"stat.drop.minecraft.obsidian":64,"stat.useItem.minecraft.spruce_fence":39,"stat.useItem.minecraft.dropper":1,"stat.sprintOneCm":376497,"stat.useItem.minecraft.stained_glass":389,"stat.useItem.minecraft.fence":1,"stat.useItem.minecraft.stone_stairs":3,"stat.useItem.minecraft.stone_slab":18,"stat.useItem.minecraft.bed":88,"stat.pickup.minecraft.fireworks":64,"stat.useItem.minecraft.flint_and_steel":193,"stat.pickup.minecraft.grass":1,"stat.useItem.minecraft.magenta_glazed_terracotta":1471,"stat.drop.minecraft.fireworks":832,"stat.useItem.minecraft.hopper":27,"stat.drop.minecraft.lava_bucket":1,"stat.useItem.minecraft.bucket":4,"stat.pickup.minecraft.lever":2,"stat.deaths":10,"stat.drop":130,"stat.playOneMinute":448311,"stat.useItem.minecraft.jungle_stairs":12,"stat.useItem.minecraft.ladder":16,"stat.killEntity.Zombie":1,"stat.pickup.minecraft.iron_bars":4,"stat.pickup.minecraft.dispenser":39,"stat.mineBlock.minecraft.tallgrass":6,"stat.diveOneCm":18824,"stat.useItem.minecraft.splash_potion":214,"stat.pickup.minecraft.sign":4,"stat.useItem.minecraft.stone":226,"stat.drop.minecraft.hopper":2,"stat.pickup.minecraft.gravel":15,"stat.drop.minecraft.flint":1,"stat.useItem.minecraft.packed_ice":99,"stat.useItem.minecraft.rotten_flesh":7,"stat.useItem.minecraft.quartz_ore":8,"stat.pickup.minecraft.diamond_sword":1,"stat.useItem.minecraft.bedrock":71,"stat.jump":4774,"stat.useItem.minecraft.sand":11,"stat.fallOneCm":31836,"stat.drop.minecraft.stone":199,"stat.drop.minecraft.diamond_sword":1,"stat.crouchOneCm":139414,"stat.pickup.minecraft.dropper":112,"stat.pickup.minecraft.dirt":7,"stat.drop.minecraft.bed":4,"stat.useItem.minecraft.dispenser":6,"stat.dropperInspected":1,"stat.useItem.minecraft.redstone_lamp":9,"stat.pickup.minecraft.comparator":60,"stat.pickup.minecraft.repeater":3,"stat.drop.minecraft.double_plant":1,"stat.damageTaken":330265,"stat.pickup.minecraft.feather":4,"stat.useItem.minecraft.end_crystal":63,"stat.dispenserInspected":20,"stat.drop.minecraft.water_bucket":3,"stat.pickup.minecraft.planks":344,"stat.pickup.minecraft.reeds":2242,"stat.useItem.minecraft.slime":14,"stat.pickup.minecraft.bed":2,"stat.pickup.minecraft.rabbit_hide":1,"stat.useItem.minecraft.stone_sword":18,"stat.pickup.minecraft.stained_glass":3,"stat.damageDealt":2160,"stat.drop.minecraft.magenta_glazed_terracotta":258,"stat.killEntity.Rabbit":1,"stat.useItem.minecraft.wool":244,"stat.useItem.minecraft.snow_layer":101,"stat.sleepInBed":5,"stat.mineBlock.minecraft.dirt":7,"stat.drop.minecraft.reeds":888,"stat.useItem.minecraft.command_block":3,"stat.pickup.minecraft.flint_and_steel":1,"stat.walkOneCm":573199,"stat.useItem.minecraft.torch":20,"stat.playerKills":1,"stat.useItem.minecraft.pumpkin":4,"stat.drop.minecraft.rotten_flesh":31,"stat.useItem.minecraft.log":79,"stat.useItem.minecraft.comparator":2,"stat.useItem.minecraft.tnt":381,"stat.useItem.minecraft.cobblestone":5,"stat.pickup.minecraft.magenta_glazed_terracotta":258,"stat.useItem.minecraft.lava_bucket":215,"stat.drop.minecraft.chicken":3,"stat.drop.minecraft.stonebrick":2,"stat.useItem.minecraft.redstone_block":119,"stat.drop.minecraft.iron_ore":64,"stat.useItem.minecraft.spruce_stairs":23,"stat.pickup.minecraft.stone":4,"stat.drop.minecraft.planks":547,"stat.drop.minecraft.sapling":320,"stat.pickup.minecraft.chicken":3,"stat.drop.minecraft.diamond_leggings":1,"stat.useItem.minecraft.stained_hardened_clay":240,"stat.pickup.minecraft.sapling":112,"stat.drop.minecraft.command_block":64,"stat.useItem.minecraft.cactus":117,"stat.pickup.minecraft.end_stone":4,"stat.useItem.minecraft.netherrack":7,"stat.killEntity.Skeleton":2,"stat.drop.minecraft.bow":1,"stat.drop.minecraft.lever":3,"stat.killEntity.Chicken":20,"stat.useItem.minecraft.barrier":119,"stat.drop.minecraft.comparator":7,"stat.useItem.minecraft.daylight_detector":7,"stat.mobKills":27,"stat.drop.minecraft.diamond_boots":1,"stat.useItem.minecraft.stonebrick":503,"stat.useItem.minecraft.monster_egg":30,"stat.pickup.minecraft.water_bucket":2,"stat.sneakTime":38775,"stat.useItem.minecraft.wooden_axe":4,"stat.drop.minecraft.grass":2,"stat.drop.minecraft.wooden_axe":3}