{"stat.drop.minecraft.iron_axe":2,"stat.useItem.minecraft.command_block":1,"stat.walkOneCm":49891,"stat.pickup.minecraft.sign":1,"stat.leaveGame":11,"stat.pickup.minecraft.gravel":1,"stat.useItem.minecraft.tnt":77,"stat.pickup.minecraft.flint":1,"stat.jump":251,"stat.swimOneCm":4738,"stat.fallOneCm":9329,"stat.pickup.minecraft.tnt":1,"stat.useItem.minecraft.redstone_torch":4,"stat.pickup.minecraft.dirt":3,"stat.useItem.minecraft.dirt":1,"stat.sprintOneCm":14793,"stat.pickup.minecraft.iron_axe":2,"stat.useItem.minecraft.flint_and_steel":4,"stat.damageTaken":915,"stat.dispenserInspected":2,"stat.pickup.minecraft.cobblestone":8,"stat.entityKilledBy.Creeper":1,"stat.pickup.minecraft.reeds":2540,"stat.flyOneCm":642735,"stat.deaths":9,"stat.drop":3,"stat.playOneMinute":58283,"stat.pickup.minecraft.cactus":25,"stat.drop.minecraft.tnt":1,"stat.sleepInBed":1,"stat.timeSinceDeath":15206,"stat.mineBlock.minecraft.dirt":3,"stat.diveOneCm":11845}