{"stat.useItem.minecraft.string":1,"stat.useItem.minecraft.sticky_piston":1,"stat.pickup.minecraft.redstone_torch":6,"stat.leaveGame":48,"stat.pickup.minecraft.arrow":7,"stat.pickup.minecraft.deadbush":2,"stat.useItem.minecraft.diamond_sword":61,"stat.useItem.minecraft.potion":1,"stat.useItem.minecraft.glowstone":4,"stat.jump":575,"stat.swimOneCm":1330,"stat.fallOneCm":9850,"stat.useItem.minecraft.planks":107,"stat.crouchOneCm":372,"stat.pickup.minecraft.spider_eye":1,"stat.useItem.minecraft.obsidian":16,"stat.useItem.minecraft.redstone_torch":10,"stat.useItem.minecraft.dirt":73,"stat.pickup.minecraft.bow":1,"stat.useItem.minecraft.water_bucket":2,"stat.pickup.minecraft.rotten_flesh":83,"stat.pickup.minecraft.comparator":4,"stat.damageTaken":1140,"stat.useItem.minecraft.stone_brick_stairs":5,"stat.killEntity.Enderman":1,"stat.useItem.minecraft.slime":2,"stat.flyOneCm":790908,"stat.pickup.minecraft.potato":3,"stat.entityKilledBy.Zombie":2,"stat.damageDealt":10030,"stat.pickup.minecraft.redstone":2,"stat.timeSinceDeath":23984,"stat.useItem.minecraft.sign":9,"stat.useItem.minecraft.spawn_egg":32,"stat.useItem.minecraft.wooden_slab":135,"stat.pickup.minecraft.mutton":17,"stat.useItem.minecraft.command_block":1,"stat.walkOneCm":215736,"stat.drop.minecraft.dirt":1,"stat.killEntity.Creeper":1,"stat.pickup.minecraft.string":2,"stat.useItem.minecraft.redstone":19,"stat.drop.minecraft.stained_hardened_clay":1,"stat.sprintOneCm":79447,"stat.killEntity.Skeleton":4,"stat.useItem.minecraft.stone_slab":321,"stat.useItem.minecraft.tripwire_hook":2,"stat.useItem.minecraft.flint_and_steel":1,"stat.killEntity.Spider":2,"stat.drop.minecraft.comparator":4,"stat.mobKills":58,"stat.useItem.minecraft.stonebrick":452,"stat.deaths":4,"stat.drop":6,"stat.mineBlock.minecraft.leaves":6,"stat.playOneMinute":125210,"stat.killEntity.Sheep":14,"stat.sneakTime":1690,"stat.pickup.minecraft.wool":12,"stat.killEntity.Zombie":36,"stat.diveOneCm":353}